{"cameraMode":{"drawMode":0,"name":"Shaded","section":"Shading Mode"},"sceneLighting":false,"audioPlay":false,"sceneViewState":{"m_AlwaysRefresh":false,"showFog":true,"showSkybox":true,"showFlares":true,"showImageEffects":true,"showParticleSystems":true,"showVisualEffectGraphs":true,"m_FxEnabled":false},"in2DMode":false,"pivot":{"x":3651.97998046875,"y":63.900001525878909,"z":1654.760009765625},"rotation":{"x":0.04708882421255112,"y":-0.11064813286066055,"z":0.005249361507594585,"w":0.9927321672439575},"size":0.8660253882408142,"orthographic":true}