{"cameraMode":{"drawMode":0,"name":"Shaded","section":"Shading Mode"},"sceneLighting":false,"audioPlay":false,"sceneViewState":{"m_AlwaysRefresh":false,"showFog":true,"showSkybox":false,"showFlares":true,"showImageEffects":true,"showParticleSystems":true,"showVisualEffectGraphs":true,"m_FxEnabled":false},"in2DMode":false,"pivot":{"x":3.1628592014312746,"y":-3.8022708892822267,"z":-19.928953170776368},"rotation":{"x":0.22523444890975953,"y":0.3037577271461487,"z":-0.07414259761571884,"w":0.9227956533432007},"size":18.393205642700197,"orthographic":true}